﻿<?xml version="1.0" encoding="utf-8"?>
<!--
	屏幕菜单说明
	文件结构：
	<ScreenMenu>  //*根目录，必须按照此名称，不做解释；
	  <Group TextColor ="#FFF5F5F5"  Title ="第一个组">  //组，组中可以包含子项，包括子组，可以嵌套（即组中加入子组）
	      <Item Shortcut=""（可选，快捷键提示） Command ="Line"(命令名称) ImageFile =""(可选，图标路径）  TextColor ="#FFF5F5F5"(可选，文字颜色) >绘制直线</Item>
	      <Item Shortcut="">-</Item> //分割线
	      <Group TextColor ="#FFF5F5F5"   Title ="嵌套子组">  //嵌套组
	        <Item Shortcut="" Command ="Command" ImageFile ="" >嵌套子组的项目</Item> 
	      </Group>
	  </Group>  
	</ScreenMenu>
  ///常用转义符 
  <(小于)    &lt;
  >(大于)    &gt;
  "(双引号)  &quot; 
  '(单引号)  &apos;
  &（和）    &amp;
-->
<ScreenMenu>
  <Group TextColor="#FFF5F5F5" Title="系统工具" indexNum="0">
    <Item Shortcut="" Command="SCREENMENUSETTING" ImageFile="\自定义图标.bmp" TextColor="" indexNum="1">菜单设置</Item>
    <Item Shortcut="" Command="wbl_sz" ImageFile="\自定义图标.bmp" TextColor="#FFF5F5F5" indexNum="2">插件设置</Item>
    <Item Shortcut="" Command="qtools" ImageFile="\自定义图标.bmp" TextColor="#FFF5F5F5" indexNum="3">打开面板</Item>
    <Item Shortcut="" Command="wbl_gnss" ImageFile="\自定义图标.bmp" TextColor="#FFF5F5F5" indexNum="4">功能搜索</Item>
    <Item Shortcut="" Command="wbl_yhsc" ImageFile="\自定义图标.bmp" TextColor="#FFF5F5F5" indexNum="5">用户手册</Item>
    <Item Shortcut="" Command="wbl_spjc" ImageFile="\自定义图标.bmp" TextColor="#FFF5F5F5" indexNum="6">视频教程</Item>
  </Group>
  <Group TextColor="#FFF5F5F5" Title="拓扑工具" indexNum="7">
    <Item Shortcut="" Command="wbl_tp_sxjc" ImageFile="\自定义图标.bmp" TextColor="#FFF5F5F5" indexNum="8">碎线检查</Item>
    <Item Shortcut="" Command="wbl_tp_smjc" ImageFile="\自定义图标.bmp" TextColor="#FFF5F5F5" indexNum="9">碎面检查</Item>
    <Item Shortcut="" Command="wbl_tp_dbjc" ImageFile="\自定义图标.bmp" TextColor="#FFF5F5F5" indexNum="10">短边检查</Item>
    <Item Shortcut="" Command="wbl_tp_hdjc" ImageFile="\自定义图标.bmp" TextColor="#FFF5F5F5" indexNum="11">弧段检查</Item>
    <Item Shortcut="" Command="wbl_tp_rjjc" ImageFile="\自定义图标.bmp" TextColor="#FFF5F5F5" indexNum="12">锐角检查</Item>
    <Item Shortcut="" Command="wbl_tp_fzjjc" ImageFile="\自定义图标.bmp" TextColor="#FFF5F5F5" indexNum="13">非直角检查</Item>
    <Item Shortcut="" Command="wbl_tp_wbhjc" ImageFile="\自定义图标.bmp" TextColor="#FFF5F5F5" indexNum="14">未闭合检查</Item>
    <Item Shortcut="" Command="wbl_tp_xgdjc" ImageFile="\自定义图标.bmp" TextColor="#FFF5F5F5" indexNum="15">悬挂点检查</Item>
    <Item Shortcut="" Command="wbl_tp_xgxjc" ImageFile="\自定义图标.bmp" TextColor="#FFF5F5F5" indexNum="16">悬挂线检查</Item>
    <Item Shortcut="" Command="wbl_tp_htxjc" ImageFile="\自定义图标.bmp" TextColor="#FFF5F5F5" indexNum="17">回头线检查</Item>
    <Item Shortcut="" Command="wbl_tp_zxjjc" ImageFile="\自定义图标.bmp" TextColor="#FFF5F5F5" indexNum="18">自相交检查</Item>
    <Item Shortcut="" Command="wbl_tp_xxjjc" ImageFile="\自定义图标.bmp" TextColor="#FFF5F5F5" indexNum="19">线相交检查</Item>
    <Item Shortcut="" Command="wbl_tp_xjcjc" ImageFile="\自定义图标.bmp" TextColor="#FFF5F5F5" indexNum="20">线交叉检查</Item>
    <Item Shortcut="" Command="wbl_tp_xfxjc" ImageFile="\自定义图标.bmp" TextColor="#FFF5F5F5" indexNum="21">线缝隙检查</Item>
    <Item Shortcut="" Command="wbl_tp_kzdjc" ImageFile="\自定义图标.bmp" TextColor="#FFF5F5F5" indexNum="22">跨宗地检查</Item>
    <Item Shortcut="" Command="wbl_tp_mcdjc" ImageFile="\自定义图标.bmp" TextColor="#FFF5F5F5" indexNum="23">面重叠检查</Item>
    <Item Shortcut="" Command="wbl_tp_mkdjc" ImageFile="\自定义图标.bmp" TextColor="#FFF5F5F5" indexNum="24">面空洞检查</Item>
    <Item Shortcut="" Command="wbl_tp_xz" ImageFile="\自定义图标.bmp" TextColor="#FFF5F5F5" indexNum="25">选拓扑标记</Item>
    <Item Shortcut="" Command="wbl_tp_sc" ImageFile="\自定义图标.bmp" TextColor="#FFF5F5F5" indexNum="26">删拓扑标记</Item>
    <Item Shortcut="" Command="wbl_qt_xz" ImageFile="\自定义图标.bmp" TextColor="#FFF5F5F5" indexNum="27">选插件标记</Item>
    <Item Shortcut="" Command="wbl_qt_sc" ImageFile="\自定义图标.bmp" TextColor="#FFF5F5F5" indexNum="28">删插件标记</Item>
  </Group>
  <Group TextColor="#FFF5F5F5" Title="曲线工具" indexNum="29">
    <Item Shortcut="" Command="wbl_qx_bhwbh" ImageFile="\自定义图标.bmp" TextColor="#FFF5F5F5" indexNum="30">闭合伪闭合</Item>
    <Item Shortcut="" Command="wbl_qx_bjzdhtqzb" ImageFile="\自定义图标.bmp" TextColor="#FFF5F5F5" indexNum="31">标界址点号提取坐标</Item>
    <Item Shortcut="" Command="wbl_qx_djjd" ImageFile="\自定义图标.bmp" TextColor="#FFF5F5F5" indexNum="32">定距加点</Item>
    <Item Shortcut="" Command="wbl_qx_bcsswr" ImageFile="\自定义图标.bmp" TextColor="#FFF5F5F5" indexNum="33">多段线边长四舍五入</Item>
    <Item Shortcut="" Command="wbl_qx_ddxcg" ImageFile="\自定义图标.bmp" TextColor="#FFF5F5F5" indexNum="34">多段线重构</Item>
    <Item Shortcut="" Command="wbl_qx_ddxzewddx" ImageFile="\自定义图标.bmp" TextColor="#FFF5F5F5" indexNum="35">多段线转二维多段线</Item>
    <Item Shortcut="" Command="wbl_qx_ewddxzddx" ImageFile="\自定义图标.bmp" TextColor="#FFF5F5F5" indexNum="36">二维多段线转多段线</Item>
    <Item Shortcut="" Command="wbl_qx_fbqyscy" ImageFile="\自定义图标.bmp" TextColor="#FFF5F5F5" indexNum="37">封闭区域生成圆</Item>
    <Item Shortcut="" Command="wbl_qx_hx" ImageFile="\自定义图标.bmp" TextColor="#FFF5F5F5" indexNum="38">换向</Item>
    <Item Shortcut="" Command="wbl_hzsx" ImageFile="\自定义图标.bmp" TextColor="#FFF5F5F5" indexNum="39">绘制双线</Item>
    <Item Shortcut="" Command="wbl_qx_jdd" ImageFile="\自定义图标.bmp" TextColor="#FFF5F5F5" indexNum="40">加顶点</Item>
    <Item Shortcut="" Command="wbl_qx_jzh" ImageFile="\自定义图标.bmp" TextColor="#FFF5F5F5" indexNum="41">接着画</Item>
    <Item Shortcut="" Command="wbl_qx_ldpy" ImageFile="\自定义图标.bmp" TextColor="#FFF5F5F5" indexNum="42">两点偏移</Item>
    <Item Shortcut="" Command="wbl_qx_scdyjd" ImageFile="\自定义图标.bmp" TextColor="#FFF5F5F5" indexNum="43">删除多余节点</Item>
    <Item Shortcut="" Command="wbl_qx_scnbdd" ImageFile="\自定义图标.bmp" TextColor="#FFF5F5F5" indexNum="44">删除内部顶点</Item>
    <Item Shortcut="" Command="wbl_qx_sccfxd" ImageFile="\自定义图标.bmp" TextColor="#FFF5F5F5" indexNum="45">删除重复线段</Item>
    <Item Shortcut="" Command="wbl_qx_sdd" ImageFile="\自定义图标.bmp" TextColor="#FFF5F5F5" indexNum="46">删顶点</Item>
    <Item Shortcut="" Command="wbl_qx_sxdcfd" ImageFile="\自定义图标.bmp" TextColor="#FFF5F5F5" indexNum="47">删线段重复点</Item>
    <Item Shortcut="" Command="wbl_qx_swddyh" ImageFile="\自定义图标.bmp" TextColor="#FFF5F5F5" indexNum="48">首尾顶点优化</Item>
    <Item Shortcut="" Command="wbl_qx_sbxdbbdjc" ImageFile="\自定义图标.bmp" TextColor="#FFF5F5F5" indexNum="49">四边形对边不等检查</Item>
    <Item Shortcut="" Command="wbl_qx_tkaxdq" ImageFile="\自定义图标.bmp" TextColor="#FFF5F5F5" indexNum="50">图块按线对齐</Item>
    <Item Shortcut="" Command="wbl_qx_xszdywzdd" ImageFile="\自定义图标.bmp" TextColor="#FFF5F5F5" indexNum="51">线上自定义位置打断</Item>
    <Item Shortcut="" Command="wbl_qx_zdywzjd" ImageFile="\自定义图标.bmp" TextColor="#FFF5F5F5" indexNum="52">线上自定义位置加点</Item>
    <Item Shortcut="" Command="wbl_qx_xgqd" ImageFile="\自定义图标.bmp" TextColor="#FFF5F5F5" indexNum="53">修改起点</Item>
    <Item Shortcut="" Command="wbl_qx_yddzjdd" ImageFile="\自定义图标.bmp" TextColor="#FFF5F5F5" indexNum="54">移动到最近顶点</Item>
    <Item Shortcut="" Command="wbl_qx_yddzjjd" ImageFile="\自定义图标.bmp" TextColor="#FFF5F5F5" indexNum="55">移动到最近交点</Item>
    <Item Shortcut="" Command="wbl_qx_yddzjqx" ImageFile="\自定义图标.bmp" TextColor="#FFF5F5F5" indexNum="56">移动到最近曲线</Item>
    <Item Shortcut="" Command="wbl_qx_ydwzdnb" ImageFile="\自定义图标.bmp" TextColor="#FFF5F5F5" indexNum="57">移动文字到内部</Item>
    <Item Shortcut="" Command="wbl_qx_ywjd" ImageFile="\自定义图标.bmp" TextColor="#FFF5F5F5" indexNum="58">原位加点</Item>
    <Item Shortcut="" Command="wbl_qx_ynxj" ImageFile="\自定义图标.bmp" TextColor="#FFF5F5F5" indexNum="59">圆内修剪</Item>
    <Item Shortcut="" Command="wbl_qx_cdbztjlb" ImageFile="\自定义图标.bmp" TextColor="#FFF5F5F5" indexNum="60">长度标注统计列表</Item>
    <Item Shortcut="" Command="wbl_qx_zxzddx" ImageFile="\自定义图标.bmp" TextColor="#FFF5F5F5" indexNum="61">直线转多段线</Item>
    <Item Shortcut="" Command="wbl_qx_zdbpy" ImageFile="\自定义图标.bmp" TextColor="#FFF5F5F5" indexNum="62">指定边偏移</Item>
    <Item Shortcut="" Command="wbl_qx_zdbh" ImageFile="\自定义图标.bmp" TextColor="#FFF5F5F5" indexNum="63">逐段编号</Item>
    <Item Shortcut="" Command="wbl_qx_zdysxj" ImageFile="\自定义图标.bmp" TextColor="#FFF5F5F5" indexNum="64">自动延伸修剪</Item>
    <Item Shortcut="" Command="wbl_qx_zjdlx" ImageFile="\自定义图标.bmp" TextColor="#FFF5F5F5" indexNum="65">最近点连线</Item>
  </Group>
  <Group TextColor="#FFF5F5F5" Title="杂项工具" indexNum="66">
    <Item Shortcut="" Command="wbl_dkdqtzml" ImageFile="\自定义图标.bmp" TextColor="#FFF5F5F5" indexNum="67">当前图纸目录</Item>
    <Item Shortcut="" Command="wbl_dknwzzdzl" ImageFile="\自定义图标.bmp" TextColor="#FFF5F5F5" indexNum="68">地块内文字自动整理</Item>
    <Item Shortcut="" Command="wbl_djbhtqzb" ImageFile="\自定义图标.bmp" TextColor="#FFF5F5F5" indexNum="69">点击编号提取坐标</Item>
    <Item Shortcut="" Command="wbl_dxxy" ImageFile="\自定义图标.bmp" TextColor="#FFF5F5F5" indexNum="70">对象消隐</Item>
    <Item Shortcut="" Command="wbl_dxzy" ImageFile="\自定义图标.bmp" TextColor="#FFF5F5F5" indexNum="71">对象转圆</Item>
    <Item Shortcut="" Command="wbl_fgwscjxbbh" ImageFile="\自定义图标.bmp" TextColor="#FFF5F5F5" indexNum="72">方格网生成矩形并编号</Item>
    <Item Shortcut="" Command="wbl_fgwsjtq" ImageFile="\自定义图标.bmp" TextColor="#FFF5F5F5" indexNum="73">方格网数据提取</Item>
    <Item Shortcut="" Command="wbl_cass_fwfg" ImageFile="\自定义图标.bmp" TextColor="#FFF5F5F5" indexNum="74">房屋分割</Item>
    <Item Shortcut="" Command="wbl_cass_fwhb" ImageFile="\自定义图标.bmp" TextColor="#FFF5F5F5" indexNum="75">房屋合并</Item>
    <Item Shortcut="" Command="wbl_gdsx" ImageFile="\自定义图标.bmp" TextColor="#FFF5F5F5" indexNum="76">孤岛筛选</Item>
    <Item Shortcut="" Command="wbl_glddjc" ImageFile="\自定义图标.bmp" TextColor="#FFF5F5F5" indexNum="77">孤立端点检查</Item>
    <Item Shortcut="" Command="wbl_hnsx" ImageFile="\自定义图标.bmp" TextColor="#FFF5F5F5" indexNum="78">环内筛选</Item>
    <Item Shortcut="" Command="wbl_hspx" ImageFile="\自定义图标.bmp" TextColor="#FFF5F5F5" indexNum="79">绘示坡线</Item>
    <Item Shortcut="" Command="wbl_kxyj" ImageFile="\自定义图标.bmp" TextColor="#FFF5F5F5" indexNum="80">框选圆角</Item>
    <Item Shortcut="" Command="wbl_ldjgx" ImageFile="\自定义图标.bmp" TextColor="#FFF5F5F5" indexNum="81">两点间关系</Item>
    <Item Shortcut="" Command="wbl_sqnbdscfw" ImageFile="\自定义图标.bmp" TextColor="#FFF5F5F5" indexNum="82">拾取内部点生成房屋</Item>
    <Item Shortcut="" Command="wbl_sxktq" ImageFile="\自定义图标.bmp" TextColor="#FFF5F5F5" indexNum="83">属性块提取</Item>
    <Item Shortcut="" Command="wbl_sxzth" ImageFile="\自定义图标.bmp" TextColor="#FFF5F5F5" indexNum="84">属性值替换</Item>
    <Item Shortcut="" Command="wbl_tdbbsjsctx" ImageFile="\自定义图标.bmp" TextColor="#FFF5F5F5" indexNum="85">土地报备数据生成图形</Item>
    <Item Shortcut="" Command="wbl_tdbbzbsjtq" ImageFile="\自定义图标.bmp" TextColor="#FFF5F5F5" indexNum="86">土地报备坐标数据提取</Item>
    <Item Shortcut="" Command="wbl_wzjk" ImageFile="\自定义图标.bmp" TextColor="#FFF5F5F5" indexNum="87">文字加框</Item>
    <Item Shortcut="" Command="wbl_wzygjc" ImageFile="\自定义图标.bmp" TextColor="#FFF5F5F5" indexNum="88">文字压盖检查</Item>
    <Item Shortcut="" Command="wbl_wzygzfxyd" ImageFile="\自定义图标.bmp" TextColor="#FFF5F5F5" indexNum="89">文字沿各自方向移动</Item>
    <Item Shortcut="" Command="wbl_wzyxyd" ImageFile="\自定义图标.bmp" TextColor="#FFF5F5F5" indexNum="90">文字引线移动</Item>
    <Item Shortcut="" Command="wbl_yxbzzb" ImageFile="\自定义图标.bmp" TextColor="#FFF5F5F5" indexNum="91">引线标注坐标</Item>
    <Item Shortcut="" Command="wbl_zzft" ImageFile="\自定义图标.bmp" TextColor="#FFF5F5F5" indexNum="92">遮罩分图</Item>
    <Item Shortcut="" Command="wbl_zbbzsc" ImageFile="\自定义图标.bmp" TextColor="#FFF5F5F5" indexNum="93">坐标标注输出</Item>
  </Group>
  <Group TextColor="#FFF5F5F5" Title="常用工具" indexNum="94">
    <Item Shortcut="" Command="wbl_bghz" ImageFile="\自定义图标.bmp" TextColor="#FFF5F5F5" indexNum="95">表格互转</Item>
    <Item Shortcut="" Command="wbl_insg" ImageFile="\自定义图标.bmp" TextColor="#FFF5F5F5" indexNum="96">插入影像</Item>
    <Item Shortcut="" Command="wbl_cxml" ImageFile="\自定义图标.bmp" TextColor="#FFF5F5F5" indexNum="97">查询命令</Item>
    <Item Shortcut="" Command="wbl_cxdxf" ImageFile="\自定义图标.bmp" TextColor="#FFF5F5F5" indexNum="98">查询组码</Item>
    <Item Shortcut="" Command="wbl_dwjdjc" ImageFile="\自定义图标.bmp" TextColor="#FFF5F5F5" indexNum="99">点位精度检查</Item>
    <Item Shortcut="" Command="wbl_kzsjbj" ImageFile="\自定义图标.bmp" TextColor="#FFF5F5F5" indexNum="100">扩展数据编辑</Item>
    <Item Shortcut="" Command="wbl_plct" ImageFile="\自定义图标.bmp" TextColor="#FFF5F5F5" indexNum="101">批量插图</Item>
    <Item Shortcut="" Command="wbl_dayin" ImageFile="\自定义图标.bmp" TextColor="#FFF5F5F5" indexNum="102">批量打印</Item>
    <Item Shortcut="" Command="wbl_qxgjhj" ImageFile="\自定义图标.bmp" TextColor="#FFF5F5F5" indexNum="103">曲线工具合集</Item>
    <Item Shortcut="" Command="wbl_tuopu" ImageFile="\自定义图标.bmp" TextColor="#FFF5F5F5" indexNum="104">拓扑检查</Item>
    <Item Shortcut="" Command="wbl_tiquzuobiao" ImageFile="\自定义图标.bmp" TextColor="#FFF5F5F5" indexNum="105">提取坐标</Item>
    <Item Shortcut="" Command="wbl_ldorder" ImageFile="\自定义图标.bmp" TextColor="#FFF5F5F5" indexNum="106">图层绘制顺序</Item>
    <Item Shortcut="" Command="wbl_tc" ImageFile="\自定义图标.bmp" TextColor="#FFF5F5F5" indexNum="107">图层控制工具</Item>
    <Item Shortcut="" Command="wbl_tzcf" ImageFile="\自定义图标.bmp" TextColor="#FFF5F5F5" indexNum="108">图纸拆分</Item>
    <Item Shortcut="" Command="wbl_tzhb" ImageFile="\自定义图标.bmp" TextColor="#FFF5F5F5" indexNum="109">图纸合并</Item>
    <Item Shortcut="" Command="wbl_tzplxg" ImageFile="\自定义图标.bmp" TextColor="#FFF5F5F5" indexNum="110">图纸批量修改</Item>
    <Item Shortcut="" Command="wbl_dwjwzth" ImageFile="\自定义图标.bmp" TextColor="#FFF5F5F5" indexNum="111">文字批量替换</Item>
    <Item Shortcut="" Command="wbl_xnzjtq" ImageFile="\自定义图标.bmp" TextColor="#FFF5F5F5" indexNum="112">线内注记提取</Item>
    <Item Shortcut="" Command="wbl_zxgjhj" ImageFile="\自定义图标.bmp" TextColor="#FFF5F5F5" indexNum="113">杂项工具合集</Item>
    <Item Shortcut="" Command="wbl_cdfxxf" ImageFile="\自定义图标.bmp" TextColor="#FFF5F5F5" indexNum="114">重叠缝隙修复</Item>
  </Group>
  <Group TextColor="#FFF5F5F5" Title="文字工具" indexNum="115">
    <Item Shortcut="" Command="wbl_wzaxdq" ImageFile="\自定义图标.bmp" TextColor="#FFF5F5F5" indexNum="116">按线对齐</Item>
    <Item Shortcut="" Command="wbl_bcbz" ImageFile="\自定义图标.bmp" TextColor="#FFF5F5F5" indexNum="117">边长标注</Item>
    <Item Shortcut="" Command="wbl_drdc" ImageFile="\自定义图标.bmp" TextColor="#FFF5F5F5" indexNum="118">导入导出</Item>
    <Item Shortcut="" Command="wbl_gqhz" ImageFile="\自定义图标.bmp" TextColor="#FFF5F5F5" indexNum="119">改前后缀</Item>
    <Item Shortcut="" Command="wbl_mjbz" ImageFile="\自定义图标.bmp" TextColor="#FFF5F5F5" indexNum="120">面积标注</Item>
    <Item Shortcut="" Command="wbl_wzsxhx" ImageFile="\自定义图标.bmp" TextColor="#FFF5F5F5" indexNum="121">上下划线</Item>
    <Item Shortcut="" Command="wbl_szjd" ImageFile="\自定义图标.bmp" TextColor="#FFF5F5F5" indexNum="122">数字精度</Item>
    <Item Shortcut="" Command="wbl_szys" ImageFile="\自定义图标.bmp" TextColor="#FFF5F5F5" indexNum="123">四则运算</Item>
    <Item Shortcut="" Command="wbl_tybz" ImageFile="\自定义图标.bmp" TextColor="#FFF5F5F5" indexNum="124">统一标注</Item>
    <Item Shortcut="" Command="wbl_wzwbdz" ImageFile="\自定义图标.bmp" TextColor="#FFF5F5F5" indexNum="125">尾部递增</Item>
    <Item Shortcut="" Command="wbl_dtyxbz" ImageFile="\自定义图标.bmp" TextColor="#FFF5F5F5" indexNum="126">引线标注</Item>
    <Item Shortcut="" Command="wbl_zbbz" ImageFile="\自定义图标.bmp" TextColor="#FFF5F5F5" indexNum="127">坐标标注</Item>
    <Item Shortcut="" Command="wbl_wzbr" ImageFile="\自定义图标.bmp" TextColor="#FFF5F5F5" indexNum="128">文字避让</Item>
    <Item Shortcut="" Command="wbl_wzcr" ImageFile="\自定义图标.bmp" TextColor="#FFF5F5F5" indexNum="129">文字插入</Item>
    <Item Shortcut="" Command="wbl_wzcf" ImageFile="\自定义图标.bmp" TextColor="#FFF5F5F5" indexNum="130">文字拆分</Item>
    <Item Shortcut="" Command="wbl_wzdq" ImageFile="\自定义图标.bmp" TextColor="#FFF5F5F5" indexNum="131">文字对齐</Item>
    <Item Shortcut="" Command="wbl_wzfy" ImageFile="\自定义图标.bmp" TextColor="#FFF5F5F5" indexNum="132">文字翻译</Item>
    <Item Shortcut="" Command="wbl_wzgx" ImageFile="\自定义图标.bmp" TextColor="#FFF5F5F5" indexNum="133">文字归心</Item>
    <Item Shortcut="" Command="wbl_wzhb" ImageFile="\自定义图标.bmp" TextColor="#FFF5F5F5" indexNum="134">文字合并</Item>
    <Item Shortcut="" Command="wbl_wenzijh" ImageFile="\自定义图标.bmp" TextColor="#FFF5F5F5" indexNum="135">文字交换</Item>
    <Item Shortcut="" Command="wbl_wzjz" ImageFile="\自定义图标.bmp" TextColor="#FFF5F5F5" indexNum="136">文字居中</Item>
    <Item Shortcut="" Command="wbl_wzld" ImageFile="\自定义图标.bmp" TextColor="#FFF5F5F5" indexNum="137">文字朗读</Item>
    <Item Shortcut="" Command="wbl_wzpb" ImageFile="\自定义图标.bmp" TextColor="#FFF5F5F5" indexNum="138">文字排版</Item>
    <Item Shortcut="" Command="wbl_qhqc" ImageFile="\自定义图标.bmp" TextColor="#FFF5F5F5" indexNum="139">求和求差</Item>
    <Item Shortcut="" Command="wbl_athbth" ImageFile="\自定义图标.bmp" TextColor="#FFF5F5F5" indexNum="140">按替换表替换</Item>
    <Item Shortcut="" Command="wbl_bdsjsq" ImageFile="\自定义图标.bmp" TextColor="#FFF5F5F5" indexNum="141">表达式计算器</Item>
    <Item Shortcut="" Command="wbl_numinc" ImageFile="\自定义图标.bmp" TextColor="#FFF5F5F5" indexNum="142">递增编号套件</Item>
    <Item Shortcut="" Command="wbl_fwwzhb" ImageFile="\自定义图标.bmp" TextColor="#FFF5F5F5" indexNum="143">范围文字合并</Item>
    <Item Shortcut="" Command="wbl_fltjqh" ImageFile="\自定义图标.bmp" TextColor="#FFF5F5F5" indexNum="144">分类统计求和</Item>
    <Item Shortcut="" Command="wbl_gzmdxx" ImageFile="\自定义图标.bmp" TextColor="#FFF5F5F5" indexNum="145">改字母大小写</Item>
    <Item Shortcut="" Command="wbl_scswkg" ImageFile="\自定义图标.bmp" TextColor="#FFF5F5F5" indexNum="146">删除首尾空格</Item>
    <Item Shortcut="" Command="wbl_sccdwz" ImageFile="\自定义图标.bmp" TextColor="#FFF5F5F5" indexNum="147">删除重叠文字</Item>
    <Item Shortcut="" Command="wbl_wzaxbh" ImageFile="\自定义图标.bmp" TextColor="#FFF5F5F5" indexNum="148">文字按序编号</Item>
    <Item Shortcut="" Command="wbl_xstcwb" ImageFile="\自定义图标.bmp" TextColor="#FFF5F5F5" indexNum="149">显示填充文字</Item>
    <Item Shortcut="" Command="wbl_zswsbq" ImageFile="\自定义图标.bmp" TextColor="#FFF5F5F5" indexNum="150">整数位数补齐</Item>
    <Item Shortcut="" Command="wbl_zwzfcl" ImageFile="\自定义图标.bmp" TextColor="#FFF5F5F5" indexNum="151">中文字符处理</Item>
  </Group>
  <Group TextColor="#FFF5F5F5" Title="图形工具" indexNum="152">
    <Item Shortcut="" Command="wbl_ckgj" ImageFile="\自定义图标.bmp" TextColor="#FFF5F5F5" indexNum="153">插块工具</Item>
    <Item Shortcut="" Command="wbl_czhx" ImageFile="\自定义图标.bmp" TextColor="#FFF5F5F5" indexNum="154">垂直画线</Item>
    <Item Shortcut="" Command="wbl_dboffset" ImageFile="\自定义图标.bmp" TextColor="#FFF5F5F5" indexNum="155">单边偏移</Item>
    <Item Shortcut="" Command="wbl_gyfxzb" ImageFile="\自定义图标.bmp" TextColor="#FFF5F5F5" indexNum="156">法向坐标</Item>
    <Item Shortcut="" Command="wbl_hxtrim" ImageFile="\自定义图标.bmp" TextColor="#FFF5F5F5" indexNum="157">画线修剪</Item>
    <Item Shortcut="" Command="wbl_hxyp" ImageFile="\自定义图标.bmp" TextColor="#FFF5F5F5" indexNum="158">画线移屏</Item>
    <Item Shortcut="" Command="wbl_hhqx" ImageFile="\自定义图标.bmp" TextColor="#FFF5F5F5" indexNum="159">缓和曲线</Item>
    <Item Shortcut="" Command="wbl_hzbg" ImageFile="\自定义图标.bmp" TextColor="#FFF5F5F5" indexNum="160">绘制表格</Item>
    <Item Shortcut="" Command="wbl_hzxx" ImageFile="\自定义图标.bmp" TextColor="#FFF5F5F5" indexNum="161">绘中心线</Item>
    <Item Shortcut="" Command="wbl_jddd" ImageFile="\自定义图标.bmp" TextColor="#FFF5F5F5" indexNum="162">交点打断</Item>
    <Item Shortcut="" Command="wbl_jbfd" ImageFile="\自定义图标.bmp" TextColor="#FFF5F5F5" indexNum="163">局部放大</Item>
    <Item Shortcut="" Command="wbl_ldhuahu" ImageFile="\自定义图标.bmp" TextColor="#FFF5F5F5" indexNum="164">两点画弧</Item>
    <Item Shortcut="" Command="wbl_mjfg" ImageFile="\自定义图标.bmp" TextColor="#FFF5F5F5" indexNum="165">面积分割</Item>
    <Item Shortcut="" Command="wbl_mjqh" ImageFile="\自定义图标.bmp" TextColor="#FFF5F5F5" indexNum="166">面积求和</Item>
    <Item Shortcut="" Command="wbl_plljx" ImageFile="\自定义图标.bmp" TextColor="#FFF5F5F5" indexNum="167">批量接线</Item>
    <Item Shortcut="" Command="wbl_plpy" ImageFile="\自定义图标.bmp" TextColor="#FFF5F5F5" indexNum="168">批量偏移</Item>
    <Item Shortcut="" Command="wbl_plys" ImageFile="\自定义图标.bmp" TextColor="#FFF5F5F5" indexNum="169">批量延伸</Item>
    <Item Shortcut="" Command="wbl_qygm" ImageFile="\自定义图标.bmp" TextColor="#FFF5F5F5" indexNum="170">区域构面</Item>
    <Item Shortcut="" Command="wbl_sdjx" ImageFile="\自定义图标.bmp" TextColor="#FFF5F5F5" indexNum="171">三点矩形</Item>
    <Item Shortcut="" Command="wbl_shuzilx" ImageFile="\自定义图标.bmp" TextColor="#FFF5F5F5" indexNum="172">数字连线</Item>
    <Item Shortcut="" Command="wbl_tcgj" ImageFile="\自定义图标.bmp" TextColor="#FFF5F5F5" indexNum="173">填充工具</Item>
    <Item Shortcut="" Command="wbl_tjgj" ImageFile="\自定义图标.bmp" TextColor="#FFF5F5F5" indexNum="174">统计工具</Item>
    <Item Shortcut="" Command="wbl_tukuaitihuan" ImageFile="\自定义图标.bmp" TextColor="#FFF5F5F5" indexNum="175">图块替换</Item>
    <Item Shortcut="" Command="wbl_txcj" ImageFile="\自定义图标.bmp" TextColor="#FFF5F5F5" indexNum="176">图形裁剪</Item>
    <Item Shortcut="" Command="wbl_txhb" ImageFile="\自定义图标.bmp" TextColor="#FFF5F5F5" indexNum="177">图形合并</Item>
    <Item Shortcut="" Command="wbl_wkgj" ImageFile="\自定义图标.bmp" TextColor="#FFF5F5F5" indexNum="178">外框工具</Item>
    <Item Shortcut="" Command="wbl_weizhijh" ImageFile="\自定义图标.bmp" TextColor="#FFF5F5F5" indexNum="179">位置交换</Item>
    <Item Shortcut="" Command="wbl_ddxfg" ImageFile="\自定义图标.bmp" TextColor="#FFF5F5F5" indexNum="180">线段分割</Item>
    <Item Shortcut="" Command="wbl_yxgm" ImageFile="\自定义图标.bmp" TextColor="#FFF5F5F5" indexNum="181">沿线构面</Item>
    <Item Shortcut="" Command="wbl_cdqh" ImageFile="\自定义图标.bmp" TextColor="#FFF5F5F5" indexNum="182">长度求和</Item>
  </Group>
  <Group TextColor="#FFF5F5F5" Title="选择工具" indexNum="183">
    <Item Shortcut="" Command="wbl_azxx" ImageFile="\自定义图标.bmp" TextColor="#FFF5F5F5" indexNum="184">按字选线</Item>
    <Item Shortcut="" Command="wbl_fxxz" ImageFile="\自定义图标.bmp" TextColor="#FFF5F5F5" indexNum="185">反向选择</Item>
    <Item Shortcut="" Command="wbl_xcxzy" ImageFile="\自定义图标.bmp" TextColor="#FFF5F5F5" indexNum="186">过滤选择</Item>
    <Item Shortcut="" Command="wbl_kzxz" ImageFile="\自定义图标.bmp" TextColor="#FFF5F5F5" indexNum="187">空字选择</Item>
    <Item Shortcut="" Command="wbl_lsxuanze" ImageFile="\自定义图标.bmp" TextColor="#FFF5F5F5" indexNum="188">连锁选择</Item>
    <Item Shortcut="" Command="wbl_bhnrxz" ImageFile="\自定义图标.bmp" TextColor="#FFF5F5F5" indexNum="189">内容选择</Item>
    <Item Shortcut="" Command="wbl_sxxz" ImageFile="\自定义图标.bmp" TextColor="#FFF5F5F5" indexNum="190">属性选择</Item>
    <Item Shortcut="" Command="wbl_xswsxz" ImageFile="\自定义图标.bmp" TextColor="#FFF5F5F5" indexNum="191">位数选择</Item>
    <Item Shortcut="" Command="wbl_xnxz" ImageFile="\自定义图标.bmp" TextColor="#FFF5F5F5" indexNum="192">线内选择</Item>
    <Item Shortcut="" Command="wbl_xwxz" ImageFile="\自定义图标.bmp" TextColor="#FFF5F5F5" indexNum="193">线外选择</Item>
    <Item Shortcut="" Command="wbl_xjxz" ImageFile="\自定义图标.bmp" TextColor="#FFF5F5F5" indexNum="194">相交选择</Item>
    <Item Shortcut="" Command="wbl_xuanzekcz" ImageFile="\自定义图标.bmp" TextColor="#FFF5F5F5" indexNum="195">选块参照</Item>
    <Item Shortcut="" Command="wbl_select2block" ImageFile="\自定义图标.bmp" TextColor="#FFF5F5F5" indexNum="196">选择变块</Item>
    <Item Shortcut="" Command="wbl_xuanzecp" ImageFile="\自定义图标.bmp" TextColor="#FFF5F5F5" indexNum="197">选择存盘</Item>
    <Item Shortcut="" Command="wbl_xuanzehz" ImageFile="\自定义图标.bmp" TextColor="#FFF5F5F5" indexNum="198">选择汉字</Item>
    <Item Shortcut="" Command="wbl_xuanzejs" ImageFile="\自定义图标.bmp" TextColor="#FFF5F5F5" indexNum="199">选择计算</Item>
    <Item Shortcut="" Command="wbl_xuanzesc" ImageFile="\自定义图标.bmp" TextColor="#FFF5F5F5" indexNum="200">选择上次</Item>
    <Item Shortcut="" Command="wbl_xuanzesz" ImageFile="\自定义图标.bmp" TextColor="#FFF5F5F5" indexNum="201">选择数字</Item>
    <Item Shortcut="" Command="wbl_xuanzeta" ImageFile="\自定义图标.bmp" TextColor="#FFF5F5F5" indexNum="202">选择图案</Item>
    <Item Shortcut="" Command="wbl_xuanzewz" ImageFile="\自定义图标.bmp" TextColor="#FFF5F5F5" indexNum="203">选择文字</Item>
    <Item Shortcut="" Command="wbl_xuanzexiangsi" ImageFile="\自定义图标.bmp" TextColor="#FFF5F5F5" indexNum="204">选择相似</Item>
    <Item Shortcut="" Command="wbl_xuanzexs" ImageFile="\自定义图标.bmp" TextColor="#FFF5F5F5" indexNum="205">选择小数</Item>
    <Item Shortcut="" Command="wbl_xuanzezs" ImageFile="\自定义图标.bmp" TextColor="#FFF5F5F5" indexNum="206">选择整数</Item>
    <Item Shortcut="" Command="wbl_ynxz" ImageFile="\自定义图标.bmp" TextColor="#FFF5F5F5" indexNum="207">圆内选择</Item>
  </Group>
  <Group TextColor="#FFF5F5F5" Title="修改工具" indexNum="208">
    <Item Shortcut="" Command="wbl_zzgl" ImageFile="\自定义图标.bmp" TextColor="#FFF5F5F5" indexNum="209">Z轴归零</Item>
    <Item Shortcut="" Command="wbl_dyhz" ImageFile="\自定义图标.bmp" TextColor="#FFF5F5F5" indexNum="210">点圆互转</Item>
    <Item Shortcut="" Command="wbl_gkjd" ImageFile="\自定义图标.bmp" TextColor="#FFF5F5F5" indexNum="211">改块基点</Item>
    <Item Shortcut="" Command="wbl_gkys" ImageFile="\自定义图标.bmp" TextColor="#FFF5F5F5" indexNum="212">改块颜色</Item>
    <Item Shortcut="" Command="wbl_gtcqhz" ImageFile="\自定义图标.bmp" TextColor="#FFF5F5F5" indexNum="213">改图层前后缀</Item>
    <Item Shortcut="" Command="wbl_gxkd" ImageFile="\自定义图标.bmp" TextColor="#FFF5F5F5" indexNum="214">改线宽度</Item>
    <Item Shortcut="" Command="wbl_gxgz" ImageFile="\自定义图标.bmp" TextColor="#FFF5F5F5" indexNum="215">改斜归正</Item>
    <Item Shortcut="" Command="wbl_knwzxg" ImageFile="\自定义图标.bmp" TextColor="#FFF5F5F5" indexNum="216">块内文字修改</Item>
    <Item Shortcut="" Command="wbl_kyhz" ImageFile="\自定义图标.bmp" TextColor="#FFF5F5F5" indexNum="217">块圆互转</Item>
    <Item Shortcut="" Command="wbl_ldxb" ImageFile="\自定义图标.bmp" TextColor="#FFF5F5F5" indexNum="218">两点修边</Item>
    <Item Shortcut="" Command="wbl_myzx" ImageFile="\自定义图标.bmp" TextColor="#FFF5F5F5" indexNum="219">面域转线</Item>
    <Item Shortcut="" Command="wbl_plsxbj" ImageFile="\自定义图标.bmp" TextColor="#FFF5F5F5" indexNum="220">批量属性编辑</Item>
    <Item Shortcut="" Command="wbl_qckzsx" ImageFile="\自定义图标.bmp" TextColor="#FFF5F5F5" indexNum="221">清除扩展属性</Item>
    <Item Shortcut="" Command="wbl_sccddx" ImageFile="\自定义图标.bmp" TextColor="#FFF5F5F5" indexNum="222">删除重叠对象</Item>
    <Item Shortcut="" Command="wbl_tcdxcz" ImageFile="\自定义图标.bmp" TextColor="#FFF5F5F5" indexNum="223">图层对象操作</Item>
    <Item Shortcut="" Command="wbl_xzm" ImageFile="\自定义图标.bmp" TextColor="#FFF5F5F5" indexNum="224">线转面</Item>
    <Item Shortcut="" Command="wbl_xts" ImageFile="\自定义图标.bmp" TextColor="#FFF5F5F5" indexNum="225">相同刷</Item>
    <Item Shortcut="" Command="wbl_ywfz" ImageFile="\自定义图标.bmp" TextColor="#FFF5F5F5" indexNum="226">原位复制</Item>
    <Item Shortcut="" Command="wbl_ywjx" ImageFile="\自定义图标.bmp" TextColor="#FFF5F5F5" indexNum="227">原位镜像</Item>
    <Item Shortcut="" Command="wbl_ywsf" ImageFile="\自定义图标.bmp" TextColor="#FFF5F5F5" indexNum="228">原位缩放</Item>
    <Item Shortcut="" Command="wbl_ywxz" ImageFile="\自定义图标.bmp" TextColor="#FFF5F5F5" indexNum="229">原位旋转</Item>
    <Item Shortcut="" Command="wbl_yhzx" ImageFile="\自定义图标.bmp" TextColor="#FFF5F5F5" indexNum="230">圆弧转线</Item>
  </Group>
  <Group TextColor="#FFF5F5F5" Title="测绘工具" indexNum="231">
    <Item Shortcut="" Command="wbl_chouxi" ImageFile="\自定义图标.bmp" TextColor="#FFF5F5F5" indexNum="232">抽稀工具</Item>
    <Item Shortcut="" Command="wbl_dgxgj" ImageFile="\自定义图标.bmp" TextColor="#FFF5F5F5" indexNum="233">等高线工具</Item>
    <Item Shortcut="" Command="wbl_dmgj" ImageFile="\自定义图标.bmp" TextColor="#FFF5F5F5" indexNum="234">断面工具</Item>
    <Item Shortcut="" Command="wbl_fwsxzjjc" ImageFile="\自定义图标.bmp" TextColor="#FFF5F5F5" indexNum="235">房屋属性注记检查</Item>
    <Item Shortcut="" Command="wbl_fhx2qsx" ImageFile="\自定义图标.bmp" TextColor="#FFF5F5F5" indexNum="236">复合线转权属线</Item>
    <Item Shortcut="" Command="wbl_gcdgj" ImageFile="\自定义图标.bmp" TextColor="#FFF5F5F5" indexNum="237">高程点工具</Item>
    <Item Shortcut="" Command="wbl_gcdplyd" ImageFile="\自定义图标.bmp" TextColor="#FFF5F5F5" indexNum="238">高程点批量移动</Item>
    <Item Shortcut="" Command="wbl_mjtz" ImageFile="\自定义图标.bmp" TextColor="#FFF5F5F5" indexNum="239">面积调整</Item>
    <Item Shortcut="" Command="wbl_sjwgj" ImageFile="\自定义图标.bmp" TextColor="#FFF5F5F5" indexNum="240">三角网工具</Item>
    <Item Shortcut="" Command="wbl_sczdsx" ImageFile="\自定义图标.bmp" TextColor="#FFF5F5F5" indexNum="241">输出宗地属性</Item>
    <Item Shortcut="" Command="wbl_tiqusizhi" ImageFile="\自定义图标.bmp" TextColor="#FFF5F5F5" indexNum="242">提取四至</Item>
    <Item Shortcut="" Command="wbl_tkdq" ImageFile="\自定义图标.bmp" TextColor="#FFF5F5F5" indexNum="243">图框对齐</Item>
    <Item Shortcut="" Command="wbl_xbjssz" ImageFile="\自定义图标.bmp" TextColor="#FFF5F5F5" indexNum="244">西北角顺时针</Item>
    <Item Shortcut="" Command="wbl_xjwq" ImageFile="\自定义图标.bmp" TextColor="#FFF5F5F5" indexNum="245">修剪围墙</Item>
    <Item Shortcut="" Command="wbl_zbfhbr" ImageFile="\自定义图标.bmp" TextColor="#FFF5F5F5" indexNum="246">植被符号避让</Item>
    <Item Shortcut="" Command="wbl_cfcasssx" ImageFile="\自定义图标.bmp" TextColor="#FFF5F5F5" indexNum="247">重附房屋属性</Item>
    <Item Shortcut="" Command="wbl_zjzfwsx" ImageFile="\自定义图标.bmp" TextColor="#FFF5F5F5" indexNum="248">注记转房屋属性</Item>
    <Item Shortcut="" Command="wbl_zjzzdsx" ImageFile="\自定义图标.bmp" TextColor="#FFF5F5F5" indexNum="249">注记转宗地属性</Item>
    <Item Shortcut="" Command="wbl_ztcxxg" ImageFile="\自定义图标.bmp" TextColor="#FFF5F5F5" indexNum="250">字头朝向修改</Item>
    <Item Shortcut="" Command="wbl_zbzd" ImageFile="\自定义图标.bmp" TextColor="#FFF5F5F5" indexNum="251">坐标展点</Item>
  </Group>
  <Group TextColor="#FFF5F5F5" Title="其他工具" indexNum="252">
    <Item Shortcut="" Command="wbl_dcl2lsp" ImageFile="\自定义图标.bmp" TextColor="#FFF5F5F5" indexNum="253">dcl2lsp</Item>
    <Item Shortcut="" Command="wbl_vlx2fas" ImageFile="\自定义图标.bmp" TextColor="#FFF5F5F5" indexNum="254">vlx2fas</Item>
    <Item Shortcut="" Command="wbl_bjxj" ImageFile="\自定义图标.bmp" TextColor="#FFF5F5F5" indexNum="255">边界修剪</Item>
    <Item Shortcut="" Command="wbl_dhzbtq" ImageFile="\自定义图标.bmp" TextColor="#FFF5F5F5" indexNum="256">点号坐标提取</Item>
    <Item Shortcut="" Command="wbl_djdf" ImageFile="\自定义图标.bmp" TextColor="#FFF5F5F5" indexNum="257">定距等分</Item>
    <Item Shortcut="" Command="wbl_dsdf" ImageFile="\自定义图标.bmp" TextColor="#FFF5F5F5" indexNum="258">定数等分</Item>
    <Item Shortcut="" Command="wbl_hzjt" ImageFile="\自定义图标.bmp" TextColor="#FFF5F5F5" indexNum="259">绘制箭头</Item>
    <Item Shortcut="" Command="wbl_kztk" ImageFile="\自定义图标.bmp" TextColor="#FFF5F5F5" indexNum="260">绘制图框</Item>
    <Item Shortcut="" Command="wbl_cass_ksht" ImageFile="\自定义图标.bmp" TextColor="#FFF5F5F5" indexNum="261">快速绘图</Item>
    <Item Shortcut="" Command="wbl_swdscd" ImageFile="\自定义图标.bmp" TextColor="#FFF5F5F5" indexNum="262">首尾点生成点</Item>
    <Item Shortcut="" Command="wbl_thqszt" ImageFile="\自定义图标.bmp" TextColor="#FFF5F5F5" indexNum="263">替换缺失字体</Item>
    <Item Shortcut="" Command="wbl_jpg2dwg" ImageFile="\自定义图标.bmp" TextColor="#FFF5F5F5" indexNum="264">图片转图形</Item>
    <Item Shortcut="" Command="wbl_cassnocode" ImageFile="\自定义图标.bmp" TextColor="#FFF5F5F5" indexNum="265">无编码检查</Item>
    <Item Shortcut="" Command="wbl_xnzjsljc" ImageFile="\自定义图标.bmp" TextColor="#FFF5F5F5" indexNum="266">线内注记数量检查</Item>
    <Item Shortcut="" Command="wbl_xxjscd" ImageFile="\自定义图标.bmp" TextColor="#FFF5F5F5" indexNum="267">线相交生成点</Item>
    <Item Shortcut="" Command="wbl_ydfwzj" ImageFile="\自定义图标.bmp" TextColor="#FFF5F5F5" indexNum="268">移动房屋注记</Item>
    <Item Shortcut="" Command="wbl_yxljxf" ImageFile="\自定义图标.bmp" TextColor="#FFF5F5F5" indexNum="269">影像路径修复</Item>
    <Item Shortcut="" Command="wbl_incarrayd" ImageFile="\自定义图标.bmp" TextColor="#FFF5F5F5" indexNum="270">增量数组</Item>
    <Item Shortcut="" Command="wbl_zdbhtqmj" ImageFile="\自定义图标.bmp" TextColor="#FFF5F5F5" indexNum="271">自动编号提取面积</Item>
    <Item Shortcut="" Command="wbl_zdxgq" ImageFile="\自定义图标.bmp" TextColor="#FFF5F5F5" indexNum="272">宗地修改器</Item>
  </Group>
  <Group TextColor="#FFF5F5F5" Title="游戏娱乐" indexNum="273">
    <Item Shortcut="" Command="wbl_qieshuiguo" ImageFile="\自定义图标.bmp" TextColor="#FFF5F5F5" indexNum="274">切水果</Item>
    <Item Shortcut="" Command="wbl_tuixiangzi" ImageFile="\自定义图标.bmp" TextColor="#FFF5F5F5" indexNum="275">推箱子</Item>
    <Item Shortcut="" Command="wbl_wuziqi" ImageFile="\自定义图标.bmp" TextColor="#FFF5F5F5" indexNum="276">五子棋</Item>
    <Item Shortcut="" Command="wbl_zhongguoxiangqi" ImageFile="\自定义图标.bmp" TextColor="#FFF5F5F5" indexNum="277">中国象棋</Item>
    <Item Shortcut="" Command="wbl_elsbox" ImageFile="\自定义图标.bmp" TextColor="#FFF5F5F5" indexNum="278">俄罗斯方块</Item>
  </Group>
  <Group TextColor="#FFF5F5F5" Title="断面工具" indexNum="279">
    <Item Shortcut="" Command="wbl_lcbz" ImageFile="\自定义图标.bmp" TextColor="#FFF5F5F5" indexNum="280">里程标注</Item>
    <Item Shortcut="" Command="wbl_nfdmzwd" ImageFile="\自定义图标.bmp" TextColor="#FFF5F5F5" indexNum="281">南方断面转纬地</Item>
    <Item Shortcut="" Command="wbl_dmzxcdxg" ImageFile="\自定义图标.bmp" TextColor="#FFF5F5F5" indexNum="282">断面直线长度修改</Item>
    <Item Shortcut="" Command="wbl_dmpjgcbz" ImageFile="\自定义图标.bmp" TextColor="#FFF5F5F5" indexNum="283">断面偏距高程标注</Item>
    <Item Shortcut="" Command="wbl_lcwj2gcd" ImageFile="\自定义图标.bmp" TextColor="#FFF5F5F5" indexNum="284">里程文件生成高程点</Item>
    <Item Shortcut="" Command="wbl_dmxftnfsj" ImageFile="\自定义图标.bmp" TextColor="#FFF5F5F5" indexNum="285">断面线反推南方数据</Item>
    <Item Shortcut="" Command="wbl_dmxftwdsj" ImageFile="\自定义图标.bmp" TextColor="#FFF5F5F5" indexNum="286">断面线反推纬地数据</Item>
    <Item Shortcut="" Command="wbl_dmxqdhzdlx" ImageFile="\自定义图标.bmp" TextColor="#FFF5F5F5" indexNum="287">断面线起点或终点连线</Item>
    <Item Shortcut="" Command="wbl_dmxqdfxplxg" ImageFile="\自定义图标.bmp" TextColor="#FFF5F5F5" indexNum="288">断面线起点方向批量修改</Item>
    <Item Shortcut="" Command="wbl_dmxssdldgcd" ImageFile="\自定义图标.bmp" TextColor="#FFF5F5F5" indexNum="289">断面线收缩到两端高程点</Item>
    <Item Shortcut="" Command="wbl_dmxfjgcdplyd" ImageFile="\自定义图标.bmp" TextColor="#FFF5F5F5" indexNum="290">断面线附近高程点批量移动</Item>
    <Item Shortcut="" Command="wbl_pltqzdmlcgcsj" ImageFile="\自定义图标.bmp" TextColor="#FFF5F5F5" indexNum="291">批量提取纵断面里程高程数据</Item>
    <Item Shortcut="" Command="wbl_pltqhzdmsj_a" ImageFile="\自定义图标.bmp" TextColor="#FFF5F5F5" indexNum="292">批量提取横纵断面数据(左负右正)</Item>
    <Item Shortcut="" Command="wbl_pltqhzdmsj_s" ImageFile="\自定义图标.bmp" TextColor="#FFF5F5F5" indexNum="293">批量提取横纵断面数据(左零开始)</Item>
    <Item Shortcut="" Command="wbl_pltqhzdmsj_wd" ImageFile="\自定义图标.bmp" TextColor="#FFF5F5F5" indexNum="294">批量提取横纵断面数据(纬地格式)</Item>
    <Item Shortcut="" Command="wbl_pltqhzdmsj_hy" ImageFile="\自定义图标.bmp" TextColor="#FFF5F5F5" indexNum="295">批量提取横纵断面数据(鸿业格式)</Item>
  </Group>
  <Group TextColor="#FFF5F5F5" Title="等高线工具" indexNum="296">
    <Item Shortcut="" Command="wbl_xdgx" ImageFile="\自定义图标.bmp" TextColor="#FFF5F5F5" indexNum="297">修等高线</Item>
    <Item Shortcut="" Command="wbl_dgxsj" ImageFile="\自定义图标.bmp" TextColor="#FFF5F5F5" indexNum="298">等高线升降</Item>
    <Item Shortcut="" Command="wbl_dgxzbz" ImageFile="\自定义图标.bmp" TextColor="#FFF5F5F5" indexNum="299">等高线值标注</Item>
    <Item Shortcut="" Command="wbl_dgxbgqz" ImageFile="\自定义图标.bmp" TextColor="#FFF5F5F5" indexNum="300">等高线标高取整</Item>
    <Item Shortcut="" Command="wbl_dxgsdlj" ImageFile="\自定义图标.bmp" TextColor="#FFF5F5F5" indexNum="301">等高线手动连接</Item>
    <Item Shortcut="" Command="wbl_dgxpllj" ImageFile="\自定义图标.bmp" TextColor="#FFF5F5F5" indexNum="302">等高线批量连接</Item>
    <Item Shortcut="" Command="wbl_dgxplnc" ImageFile="\自定义图标.bmp" TextColor="#FFF5F5F5" indexNum="303">等高线批量内插</Item>
    <Item Shortcut="" Command="wbl_dgxjdzbtq" ImageFile="\自定义图标.bmp" TextColor="#FFF5F5F5" indexNum="304">等高线交点坐标提取</Item>
    <Item Shortcut="" Command="wbl_dgxsdjgcd" ImageFile="\自定义图标.bmp" TextColor="#FFF5F5F5" indexNum="305">等高线手动加高程点</Item>
    <Item Shortcut="" Command="wbl_dgxdjjgcd" ImageFile="\自定义图标.bmp" TextColor="#FFF5F5F5" indexNum="306">等高线等距加高程点</Item>
    <Item Shortcut="" Command="wbl_dgxsjjgcd" ImageFile="\自定义图标.bmp" TextColor="#FFF5F5F5" indexNum="307">等高线随机加高程点</Item>
    <Item Shortcut="" Command="wbl_yjdgxzxsjgcd" ImageFile="\自定义图标.bmp" TextColor="#FFF5F5F5" indexNum="308">依据等高线在线上批量加高程点</Item>
  </Group>
  <Group TextColor="#FFF5F5F5" Title="高程点工具" indexNum="309">
    <Item Shortcut="" Command="wbl_gcdnc" ImageFile="\自定义图标.bmp" TextColor="#FFF5F5F5" indexNum="310">高程点内插</Item>
    <Item Shortcut="" Command="wbl_gcdbr" ImageFile="\自定义图标.bmp" TextColor="#FFF5F5F5" indexNum="311">高程点避让</Item>
    <Item Shortcut="" Command="wbl_gcdzxf" ImageFile="\自定义图标.bmp" TextColor="#FFF5F5F5" indexNum="312">高程点修复</Item>
    <Item Shortcut="" Command="wbl_gcddz" ImageFile="\自定义图标.bmp" TextColor="#FFF5F5F5" indexNum="313">高程点递增</Item>
    <Item Shortcut="" Command="wbl_gcdlx" ImageFile="\自定义图标.bmp" TextColor="#FFF5F5F5" indexNum="314">高程点连线</Item>
    <Item Shortcut="" Command="wbl_dxmdjc" ImageFile="\自定义图标.bmp" TextColor="#FFF5F5F5" indexNum="315">点线矛盾检查</Item>
    <Item Shortcut="" Command="wbl_gcdjcs" ImageFile="\自定义图标.bmp" TextColor="#FFF5F5F5" indexNum="316">高程点加常数</Item>
    <Item Shortcut="" Command="wbl_gczsfx" ImageFile="\自定义图标.bmp" TextColor="#FFF5F5F5" indexNum="317">高程着色分析</Item>
    <Item Shortcut="" Command="wbl_gcdpjz" ImageFile="\自定义图标.bmp" TextColor="#FFF5F5F5" indexNum="318">高程点平均值</Item>
    <Item Shortcut="" Command="wbl_gcdsjbd" ImageFile="\自定义图标.bmp" TextColor="#FFF5F5F5" indexNum="319">高程点随机波动</Item>
    <Item Shortcut="" Command="wbl_gcdysxg" ImageFile="\自定义图标.bmp" TextColor="#FFF5F5F5" indexNum="320">高程点颜色修改</Item>
    <Item Shortcut="" Command="wbl_gcdzgxg" ImageFile="\自定义图标.bmp" TextColor="#FFF5F5F5" indexNum="321">高程点字高修改</Item>
    <Item Shortcut="" Command="wbl_gcdztxg" ImageFile="\自定义图标.bmp" TextColor="#FFF5F5F5" indexNum="322">高程点字体修改</Item>
    <Item Shortcut="" Command="wbl_cszzgcsj" ImageFile="\自定义图标.bmp" TextColor="#FFF5F5F5" indexNum="323">纯数字转高程数据</Item>
    <Item Shortcut="" Command="wbl_gcdzjxswsxg" ImageFile="\自定义图标.bmp" TextColor="#FFF5F5F5" indexNum="324">注记小数位数修改</Item>
    <Item Shortcut="" Command="wbl_jdcgcdtq" ImageFile="\自定义图标.bmp" TextColor="#FFF5F5F5" indexNum="325">节点处高程点提取</Item>
    <Item Shortcut="" Command="wbl_xfjgcdcl" ImageFile="\自定义图标.bmp" TextColor="#FFF5F5F5" indexNum="326">线附近高程点处理</Item>
    <Item Shortcut="" Command="wbl_xspljgcd" ImageFile="\自定义图标.bmp" TextColor="#FFF5F5F5" indexNum="327">线上批量加高程点</Item>
    <Item Shortcut="" Command="wbl_yjwzhgcdxgddzz" ImageFile="\自定义图标.bmp" TextColor="#FFF5F5F5" indexNum="328">依据文字或高程点修改顶点Z值</Item>
  </Group>
  <Group TextColor="#FFF5F5F5" Title="三角网工具" indexNum="329">
    <Item Shortcut="" Command="wbl_sjwbj" ImageFile="\自定义图标.bmp" TextColor="#FFF5F5F5" indexNum="330">三角网边界</Item>
    <Item Shortcut="" Command="wbl_sjwbmjbz" ImageFile="\自定义图标.bmp" TextColor="#FFF5F5F5" indexNum="331">三角网表面积标注</Item>
    <Item Shortcut="" Command="wbl_sjwncgcd" ImageFile="\自定义图标.bmp" TextColor="#FFF5F5F5" indexNum="332">三角网内插高程点</Item>
    <Item Shortcut="" Command="wbl_yjsjwzxsjgcd" ImageFile="\自定义图标.bmp" TextColor="#FFF5F5F5" indexNum="333">依据三角网在线上批量加高程点</Item>
  </Group>
</ScreenMenu>